Encoder_Joint1,Encoder_Joint2,Encoder_Joint3,Velocity_Joint1,Velocity_Joint2,Velocity_Joint3,
0.000000,0.000000,0.000000,0.000000,0.000000,0.000000,
0.000000,0.000000,0.000000,0.000000,0.000000,0.000000,
0.000000,0.000000,0.000000,0.750000,1.500000,1.750000,19.672131,-4.918033,-6.557377,
0.000000,0.000000,0.000000,0.000000,0.000000,0.000000,
0.000000,0.000000,0.000000,0.500000,1.000000,2.500000,-6.557377,1.639344,9.836065,
0.000000,0.000000,0.000000,0.000000,0.000000,0.000000,
0.000000,0.000000,0.000000,1.750000,0.750000,1.750000,-1.639344,1.639302,8.196511,
0.000000,0.000000,0.000000,0.000000,0.000000,0.000000,
0.000000,0.000000,0.000000,0.250000,-0.750000,-0.750000,6.557377,0.000000,11.475410,
0.000000,0.000000,0.000000,0.000000,0.000000,0.000000,
0.000000,0.000000,0.000000,0.250000,0.750000,-0.750000,-3.278688,9.836065,-1.639323,
0.000000,0.000000,0.000000,0.000000,0.000000,0.000000,
0.000000,0.000000,0.000000,