Encoder_Joint1,Encoder_Joint2,Encoder_Joint3,Velocity_Joint1,Velocity_Joint2,Velocity_Joint3,
0.000000,0.000000,0.000000,0.000000,0.000000,0.000000,
0.000000,0.000000,0.000000,0.000000,0.000000,0.000000,
0.000000,0.000000,0.000000,-1.250000,5.750000,-0.250000,1.638673,27.868853,14.748055,
0.000000,0.000000,0.000000,0.000000,0.000000,0.000000,
0.000000,0.000000,0.000000,-0.750000,7.000000,-1.500000,1.639344,1.639344,8.200083,
0.000000,0.000000,0.000000,0.000000,0.000000,0.000000,
0.000000,0.000000,0.000000,-3.000000,7.250000,-0.500000,-6.557377,0.000000,6.557377,
0.000000,0.000000,0.000000,0.000000,0.000000,0.000000,
0.000000,0.000000,0.000000,-0.250000,5.250000,-1.000000,8.196721,-3.278688,-4.918033,
0.000000,0.000000,0.000000,0.000000,0.000000,0.000000,
0.000000,0.000000,0.000000,0.500000,8.000000,-2.000000,-9.836065,-4.918033,8.193363,
0.000000,0.000000,0.000000,0.000000,0.000000,0.000000,
0.000000,0.000000,0.000000,