Encoder_Joint1,Encoder_Joint2,Encoder_Joint3,Velocity_Joint1,Velocity_Joint2,Velocity_Joint3,
0.000000,0.000000,0.000000,0.000000,0.000000,0.000000,
0.000000,0.000000,0.000000,0.000000,0.000000,0.000000,
0.000000,0.000000,0.000000,-0.750000,6.000000,-1.000000,0.000000,11.484824,-13.104013,
0.000000,0.000000,0.000000,0.000000,0.000000,0.000000,
0.000000,0.000000,0.000000,2.000000,5.000000,0.000000,13.125513,3.276003,-11.466012,
0.000000,0.000000,0.000000,0.000000,0.000000,0.000000,
0.000000,0.000000,0.000000,-2.250000,6.250000,-0.250000,8.196721,-6.562757,-1.640689,
0.000000,0.000000,0.000000,0.000000,0.000000,0.000000,
0.000000,0.000000,0.000000,-1.750000,6.500000,-1.000000,-4.918033,-4.922067,3.278688,
0.000000,0.000000,0.000000,0.000000,0.000000,0.000000,
0.000000,0.000000,0.000000,-1.000000,7.250000,1.500000,-3.281378,3.281378,16.380016,
0.000000,0.000000,0.000000,0.000000,0.000000,0.000000,
0.000000,0.000000,0.000000,